Product Id,product name,HSN/SAC code,Unit of Supply
275965,RM-300,61,PCS
276231,STS-525-39,"",PCS
276233,RM-553,61,PCS
276787,RM-416,61,PCS
276788,STO-465-38,64,PAIR
276796,RM-420,61,PCS
276797,RM-421,61,PCS
276799,STO-467-38,64,PAIR
276802,STITCHING,54,PCS
279476,RM-012,61,PCS
279478,RM-238,61,PCS
279524,RM-039,61,PCS
279525,RM-109,61,PCS
279526,RM-317,61,PCS
279527,RM-333,61,PCS
280582,O1,"",""
280585, STITCHING,54,PCS
281608,RM-379,61,PCS
281611,RM-567,61,PCS
281612,RM-432,61,PCS
281613,RM-175,61,PCS
281614,RM-397,61,PCS
281615,RM-404,61,PCS
281616,RM-429,61,PCS
281619,RM-504,61,PCS
281620,RM-419,61,PCS
281621,RM-386,61,PCS
281622,RM-417,61,PCS
281623,RM-324,61,PC
283637,RM-555,61,PCS
283639,RM-483,61,PCS
283658,RM-323,61,PCS
283661,RM-452,61,PCS
284076,RM-273,61,PCS
284077,RM-363,61,PCS
284137,RM-176,61,PCS
284139,RM-404a,61,PCS
284145,RM-132,61,PCS
284147,F068A,61,PCS
284150,RM-377,61,PCS
284157,RM-286,61,PCS
284158,RM-282,61,PCS
284160,RM-338,61,PCS
284161,RM-145,61,PCS
284162,RM-556,61,PCS
284163,CL-005,61,PCS
284166,SH004c,61,PCS
284171,SH035,71,PCS
284188,RM-305,61,PCS
284190,RM-292,61,PCS
284191,RM-563,61,PCS
284193,RM-185,61,PCS
284194,STS-501s,61,PCS
284196,RM-436,61,PCS
284197,RM-560,61,PCS
284198,RM351,61,PCS
284203,RM-565,61,PCS
284208,RM-414,61,PCS
284212,RM-407,61,PCS
284223,RM-214,61,PCS
284224,RM-318,61,PCS
284225,RM-141,61,PCS
284226,RM-307,61,PCS
284227,RM-177,61,PCS
284228,RM-239,61,PCS
284229,RM-496,61,PCS
284803,RM-440,61,PCS
287005,RM-302,,PCS
287006,RM-301,,PCS
287007,RM-402,,PCS
287008,RM-343,,PCS
287009,RM-277,,PCS
287010,RM-268,,PCS
287011,RM-332,,PCS
287012,RM-249,,PCS
287013,RM-552,,PCS
287014,RM-303,,PCS
287015,RM-451,,PCS
287016,RM-272,,PCS
287017,RM-430,,PCS
287018,RM-355,,PCS
287019,RM-559,,PCS
287020,RM-561,,PCS
287021,RM-448,,PCS
287022,RM-439,,PCS
287023,RM-340,,PCS
287024,RM--418,,PCS
287025,RM-319,,PCS
287026,RM-269,,PCS
287027,RM-435,,PCS
287028,RM-361,,PCS
287029,RM-261,,PCS
287030,RM-437,,PCS
287031,RM-564,,PCS
287032,RM-551,,PCS
287033,RM-283,,PCS
287034,RM-294,,PCS
287035,RM-326,,PCS
287036,RM-337,,PCS
287037,RM-161,,PCS
287038,RM-344,,PCS
287039,RM-288,,PCS
287040,RM-388,,PCS
287041,RM-366,,PCS
287042,RM-164,,PCS
287043,RM-558,,PCS
287044,RM-320,,PCS
287045,RM-304,,PCS
287046,RM-263,,PCS
287047,RM-350,,PCS
287048,RM-251,,PCS
287049,RM-328,,PCS
287050,RM-345,,PCS
287051,RM-577,,PCS
287052,RM-002,,PCS
287053,RM-415,,PCS
287054,RM-401,,PCS
287055,RM-271,,PCS
287056,RM-450,,PCS
287057,RM-505,,PCS
287058,RM-110,,PCS
287059,RM-237,,PCS
287060,RM-495,,PCS
287061,RM-499,,PCS
287062,RM-405,,PCS
287063,RM-369,,PCS
287064,RM-221,,PCS
287065,RM-234,,PCS
287066,RM-500,,PCS
287067,RM-498,,PCS
287068,RM-493,,PCS
287069,RM-349,,PCS
287070,RM-336,,PCS
287071,RM-410,,PCS
287072,RM-052,,PCS
287073,RM-069,,PCS
287074,RM-308,,PCS
287075,RM-373,,PCS
287076,RM-010 ,,PCS
287077,RM-375,,PCS
287078,RM-502,,PCS
287079,RM-087,,PCS
287080,RM-222,,PCS
287081,RM-501,,PCS
287082,RM-312,,PCS
287083,RM-398,,PCS
287084,RM-171,,PCS
287085,RM-358,,PCS
287086,RM-425,,PCS
287087,RM-383,,PCS
287088,RM-260,,PCS
287089,RM-364,,PCS
287090,RM-293,,PCS
287091,RM-403,,PCS
287092,RM-376,,PCS
287093,RM-168,,PCS
287094,RM-195,,PCS
287095,RM-077,,PCS
287096,RM-306,,PCS
287097,RM-295,,PCS
287098,RM-497,,PCS
287099,RM-389,,PCS
287100,RM-143,,PCS
287101,RM-423,,PCS
287102,RM-427,,PCS
287103,RM-281,,PCS
287104,RM-562,,PCS
287105,RM-218,,PCS
287106,RM-409,,PCS
287107,RM-391,,PCS
287108,RM-247,,PCS
287109,RM-245,,PCS
287110,RM-362,,PCS
287111,RM-431,,PCS
287112,RM-390,,PCS
287113,RM-392,,PCS
287114,RM-341,,PCS
287115,RM-368,,PCS
287116,RM-428,,PCS
287117,RM-244,,PCS
287118,RM-223,,PCS
287119,RM-406,,PCS
287120,RM-408,,PCS
287121,RM-279,,PCS
287122,RM-359,,PCS
287123,RM-118,,PCS
287124,RM-374,,PCS
287125,RM-287,,PCS
287126,RM-321,,PCS
287127,RM-262,,PCS
287128,RM-296,,PCS
287129,RM-339,,PCS
287130,RM-290,,PCS
287131,RM-275,,PCS
287132,RM-399,,PCS
287133,RM-352,,PCS
287134,RM-217,,PCS
287135,RM-255,,PCS
287136,RM-256,,PCS
287137,RM-329,,PCS
287138,RM-298,,PCS
287139,RM-299,,PCS
287140,SA-013,,PCS
287141,RM-566,,PCS
287142,RM-568,,PCS
287143,RM-578,,PCS
287144,68227/1,,MTR
287145,68130/1-F,,MTR
287146,DW00/C,,MTR
287147,DW016,,MTR
287148,67673/1,,MTR
287149,DW017A,,MTR
287150,DW004,,MTR
287151,DW008,,MTR
287152,DW001C,,MTR
287153,DW032,,MTR
287154,DW003B,,MTR
287155,DW007,,MTR
287156,67585/1,,MTR
287157,DW010B,,MTR
287158,DW001A3,,MTR
287159,HABUTA160/CH,,MTR
287160,DW025A,,MTR
287161,68321/1,,MTR
287162,DW018A,,MTR
287163,68319/1,,MTR
287164,67437/1,,MTR
287165,67630/1,,MTR
287166,68284/1,,MTR
287167,DW017,,MTR
287168,DW018,,MTR
287169,F002A,,MTR
287170,DW001,,MTR
287171,DW002,,MTR
287172,DW030,,MTR
287173,67543/1,,MTR
287174,68293-R/01,,MTR
287175,DW019,,MTR
287176,DW027,,MTR
287177,66300/1,,MTR
287178,DW020,,MTR
287179,DW022C,,MTR
287180,DW022,,MTR
287181,DW023,,MTR
287182,DW022A,,MTR
287183,GGT-60/BK,,MTR
287184,DW031,,MTR
287185,DW010,,MTR
287186,DW010A,,MTR
287187,DW015,,MTR
287188,65386/1,,MTR
287189,DW003,,MTR
287190,DW038,,MTR
287191,DW011,,MTR
287192,66128/1,,MTR
287193,66270/1,,MTR
287194,CHIFFON/40BK,,MTR
287195,DW014A,,MTR
287196,DW006A,,MTR
287197,DW025,,MTR
287198,DW005,,MTR
287199,DW005B,,MTR
287200,DW021,,MTR
287201,DW016A,,MTR
287202,68228/1-R,,MTR
287203,DW002A,,MTR
287204,DW002B,,MTR
287205,DW012,,MTR
287206,DW014B,,MTR
287207,DW036,,MTR
287208,68288/1-F,,MTR
287209,DW014,,MTR
287210,67122/1,,MTR
287211,67672/1,,MTR
287212,67754/1,,MTR
287213,67780/1,,MTR
287214,DW028,,MTR
287215,DW026,,MTR
287216,DW014C,,MTR
287217,DW007-A,,MTR
287218,DW002C,,MTR
287219,68130-R/1,,MTR
287220,68293-R/1,,MTR
287221,67630/1-H,,MTR
287222,DW003C,,MTR
287223,8207,,MTR
287224,DW04,,MTR
287225,F022,,MTR
287226,F022b,,MTR
287227,F022c,,MTR
287228,F021,,MTR
287229,F021A,,MTR
287230,F118,,MTR
287231,F025,,MTR
287232,64414/2,,MTR
287233,64414/5,,MTR
287234,64414/7,,MTR
287235,64414/18,,MTR
287236,64414/10,,MTR
287237,64414/19,,MTR
287238,64414/1,,MTR
287239,64414/15,,MTR
287240,64414/4,,MTR
287241,64414/8,,MTR
287242,64414/6,,MTR
287243,64414/9,,MTR
287244,64414/3,,MTR
287245,64414/17,,MTR
287246,64414/20,,MTR
287247,64414/11,,MTR
287248,64414/14,,MTR
287249,F015,,MTR
287250,F095,,CM
287251,F012,,MTR
287252,72257/1,,MTR
287253,66230/1,,CM
287254,64420/1,,MTR
287255,F105,,MTR
287256,72261/1,,MTR
287257,F103,,MTR
287258,63334/3,,CM
287259,67809 A/1,,MTR
287260,F104,,MTR
287261,60191/4,,MTR
287262,57366/2,,MTR
287263,F103A,,MTR
287264,57386/1,,MTR
287265,60889/3,,MTR
287266,67119/3,,MTR
287267,60185/12,,MTR
287268,57305/3,,MTR
287269,F117,,PC
287270,F111,,MTR
287271,F100,,MTR
287272,F101,,MTR
287273,F003,,MTR
287274,F079,,MTR
287275,F023,,MTR
287276,69532/5,,CM
287277,69879/3,,MTR
287278,75083/1,,CM
287279,69996/7,,MTR
287280,69966/10,,MTR
287281,69879/1,,MTR
287282,F075,,MTR
287283,F004,,MTR
287284,F039,,MTR
287285,75036/3,,MTR
287286,F038,,MTR
287287,69374/4,,MTR
287288,F017,,MTR
287289,F029,,MTR
287290,F091,,MTR
287291,71258/4,,MTR
287292,F030,,MTR
287293,67173/7,,MTR
287294,F024,,MTR
287295,F031,,MTR
287296,67727/1,,MTR
287297,64414/16,,MTR
287298,F019,,MTR
287299,F020,,MTR
287300,F035,,MTR
287301,F061,,MTR
287302,67952/1,,MTR
287303,F018,,MTR
287304,69533/10,,MTR
287305,75125-C/1,,CM
287306,71441/1,,MTR
287307,75106/1-67322,,MTR
287308,68357/1,,MTR
287309,75107/1-67322,,CM
287310,F027,,MTR
287311,F116,,MTR
287312,67822/1,,MTR
287313,F059A,,MTR
287314,69617/1,,MTR
287315,F004A,,MTR
287316,66329/1,,MTR
287317,68390/1,,MTR
287318,F112,,PC
287319,F113,,PC
287320,F114,,MTR
287321,F002 ,,MTR
287322,67119/1,,MTR
287323,F013,,MTR
287324,F110,,MTR
287325,STS-485-38,,PAIR
287326,STS-489-38,,PAIR
287327,STS-431-37,,PAIR
287328,STS-114-38,,PAIR
287329,STO-475-40,,PAIR
287330,STS-518-38,,PAIR
287331,STS-465-39,,PAIR
287332,STS-516-39,,PAIR
287333,STS-492-38,,PAIR
287334,STS-129-39,,PAIR
287335,STS-465-38,,PAIR
287336,STS-467-39,,PAIR
287337,STS-525-40,,PAIR
287338,STS-489-37,,PAIR
287339,STS-101-40,,PAIR
287340,STB-133-39,,PAIR
287341,STS-514-37,,PAIR
287342,STS-492-39,,PAIR
287343,STB-125-40,,PAIR
287344,ST-368-38,,PAIR
287345,STS-512-39,,PAIR
287346,STB-125-39,,PAIR
287347,STB-107(A)-40,,PAIR
287348,STO-471-37,,PAIR
287349,STB-118-38,,PAIR
287350,STO-511-38,,PAIR
287351,STB-114-37,,PAIR
287352,STB-96-40,,PAIR
287353,STB-104-40,,PAIR
287354,STO-511 S-39,,PAIR
287355,STS-512-38,,PAIR
287356,STB-133-40,,PAIR
287357,SH045C,,PAIR
287358,SH044C,,PAIR
287359,SH046C,,PAIR
287360,SH047C,,PAIR
287361,SH048C,,PAIR
287362,SH033C,,PAIR
287363,SH041C,,PAIR
287364,SH040C,,PAIR
287365,SH034C,,PAIR
287366,SH036C,,PAIR
287367,SH042C,,PAIR
287368,SH038C,,PAIR
287369,SH032C,,PAIR
287370,SH022C,,PAIR
287371,SH013C,,PAIR
287372,SH018C,,PAIR
287373,SH016C,,PAIR
287374,SH015C,,PAIR
287375,SH031C,,PAIR
287376,SH014C,,PAIR
287377,SH027C,,PAIR
287378,SH028C,,PAIR
287379,SH007C,,PAIR
287380,SH017C,,PAIR
287381,SH020C,,PAIR
287382,SH011C,,PAIR
287383,SH029C,,PAIR
287384,SH010C,,PAIR
287385,SH08C,,PAIR
287386,SH06C,,PAIR
287387,SH021C,,PAIR
287388,SH012C,,PAIR
287389,SH003C,,PAIR
287390,SH019C,,PAIR
287391,SH030C,,PAIR
287392,CL012,,PCS
287393,KSC-15/12,,PCS
287394,KSC-3,,PCS
287395,CL-006,,PCS
287396,KSC-20,,PCS
287397,CL-12,,PCS
287398,KSC-32,,PCS
287399,AC171,,PCS
287400,AC223,,PCS
287401,AC279,,PCS
287402,AC225,,PCS
287403,AC343,,PAIR
287404,AC346,,PAIR
287405,AC333,,PAIR
287406,AC015,,PAIR
287407,AC313,,PAIR
287408,AC219,,PAIR
287409,AC334,,PAIR
287410,AC342,,PAIR
287411,AC187,,PCS
287412,AC345,,PAIR
287413,AC344,,PAIR
287414,AC321,,PAIR
287415,AC013,,PAIR
287416,AC002,,PAIR
287417,AC030,,PAIR
287418,AC165,,PAIR
287419,AC012,,PCS
287420,AC258,,PAIR
287421,AC291,,PAIR
287422,AC257,,PAIR
287423,AC138,,PCS
287424,AC087,,PCS
287425,AC167,,PCS
287426,AC169,,PCS
287427,AC163,,PCS
287428,AC064,,PCS
287429,AC076,,PCS
287430,AC075,,PCS
287431,AC017,,PAIR
287432,AC255,,PAIR
287433,AC272,,PCS
287434,AC160,,PCS
287435,AC018,,PAIR
287436,AC001,,PAIR
287437,AC024,,PAIR
287438,AC285,,PAIR
287439,AC008,,PAIR
287440,AC132,,PCS
287441,AC269,,PCS
287442,AC093,,PCS
287443,AC078,,PCS
287444,AC327,,PAIR
287445,AC014,,PAIR
287446,AC031,,PAIR
287447,AC265,,PAIR
287448,AC329,,PAIR
287449,AC259,,PAIR
287450,AC315,,PAIR
287451,AC341,,PAIR
287452,AC337,,PAIR
287453,AC328,,PAIR
287454,AC261,,PAIR
287455,AC266,,PAIR
287456,AC021,,PAIR
287457,AC195,,PCS
287458,AC335,,PAIR
287459,AC348,,PAIR
287460,AC022,,PAIR
287461,AC349,,PCS
287462,AC009,,PAIR
287463,AC215,,PAIR
287464,AC214,,PAIR
287465,AC324,,PAIR
287466,AC216,,PAIR
287467,AC020,,PAIR
287468,AC025,,PAIR
287469,AC235,,PAIR
287470,AC039,,PCS
287471,AC310,,PCS
287472,AC331,,PAIR
287473,AC136,,PCS
287474,AC181,,PCS
287475,AC126,,PCS
287476,AC230,,PCS
287477,AC338,,PCS
287478,AC139,,PCS
287479,AC144,,PCS
287480,AC090,,PCS
287481,AC290,,PCS
287482,AC336,,PAIR
287483,AC267,,PCS
287484,AC128,,PCS
287485,AC048,,PCS
287486,AC224,,PCS
287487,AC268,,PCS
287488,AC185,,PCS
287489,AC317,,PCS
287490,AC204,,PCS
287491,AC154,,PCS
287492,AC179,,PCS
287493,AC141,,PCS
287494,AC196,,PCS
287495,AC240,,PCS
287496,AC246,,PCS
287497,AC182,,PCS
287498,AC161,,PCS
287499,AC188,,PCS
287500,AC176,,PCS
287501,AC116,,PCS
287502,AC320,,PCS
287503,AC350,,PCS
287504,AC134,,PCS
287505,AC157,,PCS
287506,AC117,,PCS
287507,AC229,,PCS
287508,AC183,,PCS
287509,AC166,,PCS
287510,AC019,,PCS
287511,AC153,,PCS
287512,AC168,,PCS
287513,AC054,,PCS
287514,AC170,,PCS
287515,AC150,,PCS
287516,AC190,,PCS
287517,AC113,,PCS
287518,AC125,,PCS
287519,AC121,,PCS
287520,AC062,,PCS
287521,AC079,,PAIR
287522,AC135,,PAIR
287523,AC205,,PCS
287524,AC286,,PCS
287525,AC110,,PCS
287526,AC107,,PCS
287527,AC236,,PCS
287528,AC282,,PCS
287529,AC164,,PCS
287530,AC280,,PCS
287531,AC072,,PCS
287532,AC191,,PCS
287533,AC053,,PCS
287534,AC247,,PCS
287535,AC275,,PCS
287536,AC080,,PCS
287537,AC233,,PCS
287538,AC004,,PCS
287539,AC047,,PCS
287540,AC318,,PCS
287541,AC067,,PCS
287542,AC120,,PCS
287543,AC066,,PCS
287544,AC059,,PCS
287545,AC231,,PCS
287546,AC237,,PCS
287547,AC043,,PCS
287548,AC174,,PCS
287549,AC036,,PCS
287550,AC296,,PCS
287551,AC295,,PCS
287552,AC271,,PCS
287553,AC197,,PCS
287554,AC102,,PCS
287555,AC105,,PCS
287556,AC297,,PCS
287557,AC294,,PCS
287558,AC242,,PCS
287559,AC086,,PCS
287560,AC277,,PCS
287561,AC038,,PCS
287562,AC069,,PCS
287563,AC057,,PCS
287564,AC081,,PCS
287565,AC092,,PCS
287566,AC044,,PCS
287567,AC060,,PCS
287568,AC299,,PCS
287569,AC033,,PCS
287570,AC028,,PCS
287571,AC003,,PCS
287572,AC089,,PCS
287573,AC085,,PCS
287574,AC063,,PCS
287575,AC278,,PCS
287576,AC108,,PCS
287577,AC273,,PCS
287578,AC049,,PCS
287579,AC073,,PCS
287580,AC198,,PCS
287581,AC112,,PCS
287582,AC245,,PCS
287583,AC100,,PCS
287584,AC077,,PCS
287585,AC050,,PCS
287586,AC088,,PCS
287587,AC180,,PCS
287588,AC122,,PCS
287589,AC027,,PCS
287590,AC074,,PCS
287591,AC037,,PCS
287592,AC084,,PCS
287593,AC035,,PCS
287594,AC193,,PCS
287595,AC091,,PCS
287596,AC109,,PCS
287597,AC070,,PCS
287598,AC118,,PCS
287599,AC058,,PCS
287600,AC192,,PCS
287601,AC123,,PCS
287602,AC061,,PCS
287603,AC140,,PCS
287604,AC056,,PCS
287605,AC032,,PCS
287606,AC194,,PCS
287607,AC055,,PCS
287608,AC106,,PCS
287609,AC306,,PCS
287610,AC119,,PCS
287611,AC083,,PCS
287612,AC249,,PCS
287613,AC248,,PCS
287614,AC250,,PCS
287615,TR467,,MTR
287616,TR410,,MTR
287617,TR473,,MTR
287618,TR210,,MTR
287619,TR195,,MTR
287620,TR051,,MTR
287621,TR037,,MTR
287622,TR481,,MTR
287623,TR432,,MTR
287624,TR086,,MTR
287625,TR463,,MTR
287626,TR075,,MTR
287627,TR005,,MTR
287628,TR072,,MTR
287629,TR031,,MTR
287630,TR149,,MTR
287631,TR123,,MTR
287632,TR055,,MTR
287633,TR185,,MTR
287634,TR062,,MTR
287635,TR001,,MTR
287636,TR008,,MTR
287637,TR267,,MTR
287638,TR265,,MTR
287639,TR171,,MTR
287640,TR479,,MTR
287641,TR389,,MTR
287642,TR067,,MTR
287643,TR054,,MTR
287644,TR361,,MTR
287645,TR003,,MTR
287646,TR352,,MTR
287647,TR152,,MTR
287648,TR261,,MTR
287649,TR146,,MTR
287650,TR097,,MTR
287651,TR488,,MTR
287652,TR052,,MTR
287653,TR277,,MTR
287654,TR139,,MTR
287655,TR396,,MTR
287656,TR268,,MTR
287657,TR686,,MTR
287658,TR478,,MTR
287659,TR349,,MTR
287660,TR348,,MTR
287661,TR351,,MTR
287662,TR465,,MTR
287663,TR489,,MTR
287664,TR151,,MTR
287665,TR340,,MTR
287666,TR213,,MTR
287667,TR485,,MTR
287668,TR480,,MTR
287669,TR469,,MTR
287670,TR457,,MTR
287671,TR434,,MTR
287672,TR080,,MTR
287673,TR470,,MTR
287674,TR456,,MTR
287675,TR460,,MTR
287676,TR482,,MTR
287677,TR471,,MTR
287678,TR477,,MTR
287679,TR476,,MTR
287680,TR484,,MTR
287681,TR459,,MTR
287682,TR462,,MTR
287683,TR350,,MTR
287684,TR431,,MTR
287685,TR112,,MTR
287686,TR346,,MTR
287687,TR475,,MTR
287688,TR164,,MTR
287689,TR458,,MTR
287690,TR446,,MTR
287691,TR084,,MTR
287692,TR354,,MTR
287693,TR197,,MTR
287694,TR466,,MTR
287695,TR063,,MTR
287696,TR472,,MTR
287697,TR455,,MTR
287698,TR464,,MTR
287699,TR436,,MTR
287700,TR483,,MTR
287701,TR226,,MTR
287702,TR044,,MTR
287703,TR365,,MTR
287704,TR118,,MTR
287705,TR089,,MTR
287706,TR383,,MTR
287707,TR311,,MTR
287708,TR168,,MTR
287709,TR155,,MTR
287710,TR247,,MTR
287711,TR129,,MTR
287712,TR158,,MTR
287713,TR131,,MTR
287714,TR191,,MTR
287715,TR124,,MTR
287716,TR142,,MTR
287717,TR300,,MTR
287718,TR313,,MTR
287719,TR177,,MTR
287720,TR461,,MTR
287721,TR085,,MTR
287722,TR206,,MTR
287723,TR223,,MTR
287724,TR203,,MTR
287725,TR257,,MTR
287726,TR299,,MTR
287727,TR179,,MTR
287728,TR224,,MTR
287729,TR377,,MTR
287730,TR136,,MTR
287731,TR316,,MTR
287732,TR128,,MTR
287733,TR216,,MTR
287734,TR093,,MTR
287735,TR241,,MTR
287736,TR242,,MTR
287737,TR253,,MTR
287738,TR163,,MTR
287739,TR371,,MTR
287740,TR385,,MTR
287741,TR016,,MTR
287742,TR170,,MTR
287743,TR322,,MTR
287744,TR057,,MTR
287745,TR333,,MTR
287746,TR087,,MTR
287747,TR281,,MTR
287748,TR017,,MTR
287749,TR125,,MTR
287750,TR266,,MTR
287751,TR248,,MTR
287752,TR100,,MTR
287753,TR307,,MTR
287754,TR113,,MTR
287755,TR181,,PCS
287756,TR175,,MTR
287757,TR192,,MTR
287758,TR201,,MTR
287759,TR263,,MTR
287760,TR326,,MTR
287761,TR205,,MTR
287762,TR429,,MTR
287763,TR004,,MTR
287764,TR320,,MTR
287765,TR324,,MTR
287766,TR249,,MTR
287767,TR214,,MTR
287768,TR186,,MTR
287769,TR069,,MTR
287770,TR279,,MTR
287771,TR108,,MTR
287772,TR182,,MTR
287773,TR033,,MTR
287774,TR022 ,,MTR
287775,TR219,,MTR
287776,TR238,,MTR
287777,TR454,,MTR
287778,TR273,,MTR
287779,TR133,,MTR
287780,TR127,,MTR
287781,TR032,,MTR
287782,TR077,,MTR
287783,TR074,,MTR
287784,TR398,,MTR
287785,TR160,,MTR
287786,TR225,,MTR
287787,TR021,,MTR
287788,TR099,,MTR
287789,TR143,,MTR
287790,TR358,,MTR
287791,TR165,,MTR
287792,TR319,,MTR
287793,TR098,,MTR
287794,TR015,,MTR
287795,TR368,,MTR
287796,TR006,,MTR
287797,TR145,,MTR
287798,TR011,,MTR
287799,TR012,,MTR
287800,TR387,,MTR
287801,TR110,,MTR
287802,TR172,,MTR
287803,TR301,,MTR
287804,TR411,,MTR
287805,TR064,,MTR
287806,TR088,,MTR
287807,TR071,,MTR
287808,TR079,,MTR
287809,TR070,,MTR
287810,TR258,,MTR
287811,TR049,,MTR
287812,TR013,,MTR
287813,TR056,,MTR
287814,TR050,,MTR
287815,TR060,,MTR
287816,TR400,,MTR
287817,TR141,,MTR
287818,TR166,,MTR
287819,TR068,,MTR
287820,TR047,,MTR
287821,TR252,,MTR
287822,TR409,,MTR
287823,AC208,,MTR
287824,TR119,,MTR
287825,TR115,,MTR
287826,TR150,,MTR
287827,TR120,,MTR
287828,TR403,,MTR
287829,TR122,,MTR
287830,TR404,,MTR
287831,TR081,,MTR
287832,TR162,,MTR
287833,TR439,,MTR
287834,TR096,,MTR
287835,TR188,,MTR
287836,TR334,,MTR
287837,TR116,,MTR
287838,TR144,,MTR
287839,TR091,,MTR
287840,TR020,,MTR
287841,TR014,,MTR
287842,TR061,,MTR
287843,TR130,,MTR
287844,TR065,,MTR
287845,TR034,,MTR
287846,TR045,,MTR
287847,TR121,,MTR
287848,TR059,,MTR
287849,TR303,,MTR
287850,TR025,,MTR
287851,TR027,,MTR
287852,TR199,,MTR
287853,TR487,,MTR
287854,TR355,,MTR
287855,TR328,,MTR
287856,TR384,,MTR
287857,TR156,,PCS
287858,TR240,,PCS
287859,TR230,,PCS
287860,TR239,,PCS
287861,TR193,,
287862,TR231,,PCS
287863,TR235,,PCS
287864,TR262,,MTR
287865,TR153,,MTR
287866,TR090,,MTR
287867,TR159,,MTR
287868,TR154,,MTR
287869,TR140,,MTR
287870,TR137,,MTR
287871,TR180,,PCS
287872,TR246,,PCS
287873,TR245,,PCS
287874,TR232,,MTR
287875,RM-563a,"",PCS
287877,RM-559a,"",PCS
287878,RM-435a,"",PCS
